implementation,scenario,run,iteration,outcome,wall_ns,warnings
rust-dispatcher-recomparison,cli-sync,1,1,ok,4691753,process tree completed before two samples were captured
rust-dispatcher-recomparison,cli-sync,1,2,ok,4648630,process tree completed before two samples were captured
rust-dispatcher-recomparison,cli-sync,1,3,ok,4862293,
rust-dispatcher-recomparison,cli-sync,1,4,ok,4566419,process tree completed before two samples were captured
rust-dispatcher-recomparison,cli-sync,1,5,ok,5066299,
rust-dispatcher-recomparison,cli-sync,1,6,ok,5275282,
rust-dispatcher-recomparison,cli-sync,1,7,ok,4604977,
rust-dispatcher-recomparison,cli-sync,1,8,ok,5409090,
rust-dispatcher-recomparison,cli-sync,1,9,ok,4492199,process tree completed before two samples were captured
rust-dispatcher-recomparison,cli-sync,1,10,ok,5067069,
rust-dispatcher-recomparison,cli-sync,1,11,ok,4531607,
rust-dispatcher-recomparison,cli-sync,1,12,ok,4598277,process tree completed before two samples were captured
rust-dispatcher-recomparison,cli-sync,1,13,ok,5459552,
rust-dispatcher-recomparison,cli-sync,1,14,ok,5671975,
rust-dispatcher-recomparison,cli-sync,1,15,ok,4857637,process tree completed before two samples were captured
rust-dispatcher-recomparison,cli-sync,1,16,ok,5041058,
rust-dispatcher-recomparison,cli-sync,1,17,ok,4795249,
rust-dispatcher-recomparison,cli-sync,1,18,ok,4796258,
rust-dispatcher-recomparison,cli-sync,1,19,ok,4626972,
rust-dispatcher-recomparison,cli-sync,1,20,ok,4572068,
rust-dispatcher-recomparison,cli-sync,1,21,ok,4494184,
rust-dispatcher-recomparison,cli-sync,1,22,ok,4235222,
rust-dispatcher-recomparison,cli-sync,1,23,ok,4268163,
rust-dispatcher-recomparison,cli-sync,1,24,ok,4230781,
rust-dispatcher-recomparison,cli-sync,1,25,ok,4214754,
rust-dispatcher-recomparison,cli-sync,1,26,ok,4645678,
rust-dispatcher-recomparison,cli-sync,1,27,ok,4466250,
rust-dispatcher-recomparison,cli-sync,1,28,ok,5733692,process tree completed before two samples were captured
rust-dispatcher-recomparison,cli-sync,1,29,ok,6238427,
rust-dispatcher-recomparison,cli-sync,1,30,ok,4866147,
rust-dispatcher-recomparison,cli-sync,1,31,ok,4308937,
rust-dispatcher-recomparison,cli-sync,1,32,ok,4519359,
rust-dispatcher-recomparison,cli-sync,1,33,ok,4722001,process tree completed before two samples were captured
rust-dispatcher-recomparison,cli-sync,1,34,ok,5091058,
rust-dispatcher-recomparison,cli-sync,1,35,ok,4563221,
rust-dispatcher-recomparison,cli-sync,1,36,ok,4973230,
rust-dispatcher-recomparison,cli-sync,1,37,ok,4895424,
rust-dispatcher-recomparison,cli-sync,1,38,ok,5363887,process tree completed before two samples were captured
rust-dispatcher-recomparison,cli-sync,1,39,ok,4290175,
rust-dispatcher-recomparison,cli-sync,1,40,ok,4190981,
rust-dispatcher-recomparison,cli-sync,1,41,ok,4316059,
rust-dispatcher-recomparison,cli-sync,1,42,ok,4253937,process tree completed before two samples were captured
rust-dispatcher-recomparison,cli-sync,1,43,ok,4181854,
rust-dispatcher-recomparison,cli-sync,1,44,ok,4339434,
rust-dispatcher-recomparison,cli-sync,1,45,ok,4326904,process tree completed before two samples were captured
rust-dispatcher-recomparison,cli-sync,1,46,ok,5376617,
rust-dispatcher-recomparison,cli-sync,1,47,ok,4290736,process tree completed before two samples were captured
rust-dispatcher-recomparison,cli-sync,1,48,ok,5790736,
rust-dispatcher-recomparison,cli-sync,1,49,ok,5529306,
rust-dispatcher-recomparison,cli-sync,1,50,ok,4175570,
rust-dispatcher-recomparison,cli-sync,1,51,ok,4303887,
rust-dispatcher-recomparison,cli-sync,1,52,ok,4230505,process tree completed before two samples were captured
rust-dispatcher-recomparison,cli-sync,1,53,ok,4590046,
rust-dispatcher-recomparison,cli-sync,1,54,ok,4325222,
rust-dispatcher-recomparison,cli-sync,1,55,ok,4448964,process tree completed before two samples were captured
rust-dispatcher-recomparison,cli-sync,1,56,ok,4374160,
rust-dispatcher-recomparison,cli-sync,1,57,ok,4374785,process tree completed before two samples were captured
rust-dispatcher-recomparison,cli-sync,1,58,ok,4083959,
rust-dispatcher-recomparison,cli-sync,1,59,ok,4335052,process tree completed before two samples were captured
rust-dispatcher-recomparison,cli-sync,1,60,ok,4294767,process tree completed before two samples were captured
rust-dispatcher-recomparison,cli-sync,1,61,ok,4295306,
rust-dispatcher-recomparison,cli-sync,1,62,ok,4266874,
rust-dispatcher-recomparison,cli-sync,1,63,ok,4979632,
rust-dispatcher-recomparison,cli-sync,1,64,ok,4279952,
rust-dispatcher-recomparison,cli-sync,1,65,ok,4534647,
rust-dispatcher-recomparison,cli-sync,1,66,ok,4249373,process tree completed before two samples were captured
rust-dispatcher-recomparison,cli-sync,1,67,ok,4262563,
rust-dispatcher-recomparison,cli-sync,1,68,ok,4599148,
rust-dispatcher-recomparison,cli-sync,1,69,ok,4440728,process tree completed before two samples were captured
rust-dispatcher-recomparison,cli-sync,1,70,ok,4134654,
rust-dispatcher-recomparison,cli-sync,1,71,ok,4851336,
rust-dispatcher-recomparison,cli-sync,1,72,ok,4243308,process tree completed before two samples were captured
rust-dispatcher-recomparison,cli-sync,1,73,ok,4141351,process tree completed before two samples were captured
rust-dispatcher-recomparison,cli-sync,1,74,ok,4211527,
rust-dispatcher-recomparison,cli-sync,1,75,ok,4454351,
rust-dispatcher-recomparison,cli-sync,1,76,ok,4337540,
rust-dispatcher-recomparison,cli-sync,1,77,ok,4287287,process tree completed before two samples were captured
rust-dispatcher-recomparison,cli-sync,1,78,ok,4398160,
rust-dispatcher-recomparison,cli-sync,1,79,ok,4356933,
rust-dispatcher-recomparison,cli-sync,1,80,ok,4731199,
rust-dispatcher-recomparison,cli-sync,1,81,ok,4989552,process tree completed before two samples were captured
rust-dispatcher-recomparison,cli-sync,1,82,ok,4558241,
rust-dispatcher-recomparison,cli-sync,1,83,ok,4323730,
rust-dispatcher-recomparison,cli-sync,1,84,ok,4276944,
rust-dispatcher-recomparison,cli-sync,1,85,ok,4625097,process tree completed before two samples were captured
rust-dispatcher-recomparison,cli-sync,1,86,ok,5184827,
rust-dispatcher-recomparison,cli-sync,1,87,ok,5448898,
rust-dispatcher-recomparison,cli-sync,1,88,ok,4307144,
rust-dispatcher-recomparison,cli-sync,1,89,ok,4134048,
rust-dispatcher-recomparison,cli-sync,1,90,ok,4352430,process tree completed before two samples were captured
rust-dispatcher-recomparison,cli-sync,1,91,ok,4362592,
rust-dispatcher-recomparison,cli-sync,1,92,ok,4242994,process tree completed before two samples were captured
rust-dispatcher-recomparison,cli-sync,1,93,ok,4154049,process tree completed before two samples were captured
rust-dispatcher-recomparison,cli-sync,1,94,ok,4287663,process tree completed before two samples were captured
rust-dispatcher-recomparison,cli-sync,1,95,ok,4588931,
rust-dispatcher-recomparison,cli-sync,1,96,ok,4375541,
rust-dispatcher-recomparison,cli-sync,1,97,ok,4735454,process tree completed before two samples were captured
rust-dispatcher-recomparison,cli-sync,1,98,ok,5210613,
rust-dispatcher-recomparison,cli-sync,1,99,ok,4415619,
rust-dispatcher-recomparison,cli-sync,1,100,ok,4568603,
rust-dispatcher-recomparison,cli-sync,1,101,ok,4454637,
rust-dispatcher-recomparison,cli-sync,1,102,ok,4255323,
rust-dispatcher-recomparison,cli-sync,1,103,ok,4381574,
rust-dispatcher-recomparison,cli-sync,1,104,ok,4250232,
rust-dispatcher-recomparison,cli-sync,1,105,ok,4422101,process tree completed before two samples were captured
rust-dispatcher-recomparison,cli-sync,1,106,ok,4196013,
rust-dispatcher-recomparison,cli-sync,1,107,ok,4367261,
rust-dispatcher-recomparison,cli-sync,1,108,ok,5145371,
rust-dispatcher-recomparison,cli-sync,1,109,ok,4305635,
rust-dispatcher-recomparison,cli-sync,1,110,ok,4234343,
rust-dispatcher-recomparison,cli-sync,1,111,ok,4958317,process tree completed before two samples were captured
rust-dispatcher-recomparison,cli-sync,1,112,ok,4195958,
rust-dispatcher-recomparison,cli-sync,1,113,ok,5487909,
rust-dispatcher-recomparison,cli-sync,1,114,ok,4360069,
rust-dispatcher-recomparison,cli-sync,1,115,ok,4186774,
rust-dispatcher-recomparison,cli-sync,1,116,ok,4280339,
rust-dispatcher-recomparison,cli-sync,1,117,ok,4518060,
rust-dispatcher-recomparison,cli-sync,1,118,ok,4759405,process tree completed before two samples were captured
rust-dispatcher-recomparison,cli-sync,1,119,ok,4283935,
rust-dispatcher-recomparison,cli-sync,1,120,ok,4573696,
rust-dispatcher-recomparison,cli-sync,1,121,ok,4349217,
rust-dispatcher-recomparison,cli-sync,1,122,ok,4242332,
rust-dispatcher-recomparison,cli-sync,1,123,ok,4572724,process tree completed before two samples were captured
rust-dispatcher-recomparison,cli-sync,1,124,ok,4518773,
rust-dispatcher-recomparison,cli-sync,1,125,ok,4215143,
rust-dispatcher-recomparison,cli-sync,1,126,ok,4082251,
rust-dispatcher-recomparison,cli-sync,1,127,ok,4195686,process tree completed before two samples were captured
rust-dispatcher-recomparison,cli-sync,1,128,ok,4281598,
rust-dispatcher-recomparison,cli-sync,1,129,ok,4741428,process tree completed before two samples were captured
rust-dispatcher-recomparison,cli-sync,1,130,ok,4425567,
rust-dispatcher-recomparison,cli-sync,1,131,ok,4420316,process tree completed before two samples were captured
rust-dispatcher-recomparison,cli-sync,1,132,ok,4238831,
rust-dispatcher-recomparison,cli-sync,1,133,ok,4244352,
rust-dispatcher-recomparison,cli-sync,1,134,ok,4173827,process tree completed before two samples were captured
rust-dispatcher-recomparison,cli-sync,1,135,ok,4456369,
rust-dispatcher-recomparison,cli-sync,1,136,ok,4225662,
rust-dispatcher-recomparison,cli-sync,1,137,ok,4319265,process tree completed before two samples were captured
rust-dispatcher-recomparison,cli-sync,1,138,ok,5188788,
rust-dispatcher-recomparison,cli-sync,1,139,ok,4408285,
rust-dispatcher-recomparison,cli-sync,1,140,ok,4320006,
rust-dispatcher-recomparison,cli-sync,1,141,ok,5957255,process tree completed before two samples were captured
rust-dispatcher-recomparison,cli-sync,1,142,ok,4461603,
rust-dispatcher-recomparison,cli-sync,1,143,ok,4074245,
rust-dispatcher-recomparison,cli-sync,1,144,ok,4542308,
rust-dispatcher-recomparison,cli-sync,1,145,ok,4191283,process tree completed before two samples were captured
rust-dispatcher-recomparison,cli-sync,1,146,ok,4171031,
rust-dispatcher-recomparison,cli-sync,1,147,ok,5069071,process tree completed before two samples were captured
rust-dispatcher-recomparison,cli-sync,1,148,ok,4317430,process tree completed before two samples were captured
rust-dispatcher-recomparison,cli-sync,1,149,ok,4137058,
rust-dispatcher-recomparison,cli-sync,1,150,ok,5902526,
rust-dispatcher-recomparison,cli-sync,1,151,ok,4381515,
rust-dispatcher-recomparison,cli-sync,1,152,ok,4337620,
rust-dispatcher-recomparison,cli-sync,1,153,ok,4903477,
rust-dispatcher-recomparison,cli-sync,1,154,ok,4640676,
rust-dispatcher-recomparison,cli-sync,1,155,ok,4368338,
rust-dispatcher-recomparison,cli-sync,1,156,ok,4296262,
rust-dispatcher-recomparison,cli-sync,1,157,ok,4846288,process tree completed before two samples were captured
rust-dispatcher-recomparison,cli-sync,1,158,ok,4610860,
rust-dispatcher-recomparison,cli-sync,1,159,ok,4610713,
rust-dispatcher-recomparison,cli-sync,1,160,ok,5361490,process tree completed before two samples were captured
rust-dispatcher-recomparison,cli-sync,1,161,ok,4758150,process tree completed before two samples were captured
rust-dispatcher-recomparison,cli-sync,1,162,ok,4186704,
rust-dispatcher-recomparison,cli-sync,1,163,ok,4518634,
rust-dispatcher-recomparison,cli-sync,1,164,ok,4274450,
rust-dispatcher-recomparison,cli-sync,1,165,ok,4359764,
rust-dispatcher-recomparison,cli-sync,1,166,ok,4198341,process tree completed before two samples were captured
rust-dispatcher-recomparison,cli-sync,1,167,ok,5245421,
rust-dispatcher-recomparison,cli-sync,1,168,ok,4664392,process tree completed before two samples were captured
rust-dispatcher-recomparison,cli-sync,1,169,ok,4343437,
rust-dispatcher-recomparison,cli-sync,1,170,ok,4460217,process tree completed before two samples were captured
rust-dispatcher-recomparison,cli-sync,1,171,ok,5747777,process tree completed before two samples were captured
rust-dispatcher-recomparison,cli-sync,1,172,ok,4187423,
rust-dispatcher-recomparison,cli-sync,1,173,ok,4122899,
rust-dispatcher-recomparison,cli-sync,1,174,ok,4403638,
rust-dispatcher-recomparison,cli-sync,1,175,ok,4336111,process tree completed before two samples were captured
rust-dispatcher-recomparison,cli-sync,1,176,ok,4101638,
rust-dispatcher-recomparison,cli-sync,1,177,ok,4257481,
rust-dispatcher-recomparison,cli-sync,1,178,ok,4176748,
rust-dispatcher-recomparison,cli-sync,1,179,ok,4897340,process tree completed before two samples were captured
rust-dispatcher-recomparison,cli-sync,1,180,ok,5247658,
rust-dispatcher-recomparison,cli-sync,1,181,ok,4300068,process tree completed before two samples were captured
rust-dispatcher-recomparison,cli-sync,1,182,ok,4244675,
rust-dispatcher-recomparison,cli-sync,1,183,ok,4499449,
rust-dispatcher-recomparison,cli-sync,1,184,ok,4255202,
rust-dispatcher-recomparison,cli-sync,1,185,ok,4815197,
rust-dispatcher-recomparison,cli-sync,1,186,ok,4395561,process tree completed before two samples were captured
rust-dispatcher-recomparison,cli-sync,1,187,ok,4531037,
rust-dispatcher-recomparison,cli-sync,1,188,ok,4349392,
rust-dispatcher-recomparison,cli-sync,1,189,ok,4583170,
rust-dispatcher-recomparison,cli-sync,1,190,ok,4407125,
rust-dispatcher-recomparison,cli-sync,1,191,ok,4233161,
rust-dispatcher-recomparison,cli-sync,1,192,ok,4198410,process tree completed before two samples were captured
rust-dispatcher-recomparison,cli-sync,1,193,ok,4212377,
rust-dispatcher-recomparison,cli-sync,1,194,ok,4121161,
rust-dispatcher-recomparison,cli-sync,1,195,ok,4488452,
rust-dispatcher-recomparison,cli-sync,1,196,ok,4442857,
rust-dispatcher-recomparison,cli-sync,1,197,ok,4543604,
rust-dispatcher-recomparison,cli-sync,1,198,ok,4674298,process tree completed before two samples were captured
rust-dispatcher-recomparison,cli-sync,1,199,ok,4447869,process tree completed before two samples were captured
rust-dispatcher-recomparison,cli-sync,1,200,ok,5199754,
rust-dispatcher-recomparison,cli-sync,2,1,ok,4775976,
rust-dispatcher-recomparison,cli-sync,2,2,ok,5249805,
rust-dispatcher-recomparison,cli-sync,2,3,ok,4384447,
rust-dispatcher-recomparison,cli-sync,2,4,ok,4289936,
rust-dispatcher-recomparison,cli-sync,2,5,ok,4105574,
rust-dispatcher-recomparison,cli-sync,2,6,ok,4224790,
rust-dispatcher-recomparison,cli-sync,2,7,ok,4511308,
rust-dispatcher-recomparison,cli-sync,2,8,ok,4439156,process tree completed before two samples were captured
rust-dispatcher-recomparison,cli-sync,2,9,ok,4590079,process tree completed before two samples were captured
rust-dispatcher-recomparison,cli-sync,2,10,ok,4348395,process tree completed before two samples were captured
rust-dispatcher-recomparison,cli-sync,2,11,ok,5045508,process tree completed before two samples were captured
rust-dispatcher-recomparison,cli-sync,2,12,ok,4297257,process tree completed before two samples were captured
rust-dispatcher-recomparison,cli-sync,2,13,ok,4382685,
rust-dispatcher-recomparison,cli-sync,2,14,ok,4335928,
rust-dispatcher-recomparison,cli-sync,2,15,ok,4952851,process tree completed before two samples were captured
rust-dispatcher-recomparison,cli-sync,2,16,ok,4364884,process tree completed before two samples were captured
rust-dispatcher-recomparison,cli-sync,2,17,ok,4670086,process tree completed before two samples were captured
rust-dispatcher-recomparison,cli-sync,2,18,ok,4628710,process tree completed before two samples were captured
rust-dispatcher-recomparison,cli-sync,2,19,ok,5644912,
rust-dispatcher-recomparison,cli-sync,2,20,ok,5424930,process tree completed before two samples were captured
rust-dispatcher-recomparison,cli-sync,2,21,ok,4688436,process tree completed before two samples were captured
rust-dispatcher-recomparison,cli-sync,2,22,ok,4473174,
rust-dispatcher-recomparison,cli-sync,2,23,ok,4307883,process tree completed before two samples were captured
rust-dispatcher-recomparison,cli-sync,2,24,ok,4160077,
rust-dispatcher-recomparison,cli-sync,2,25,ok,4828667,
rust-dispatcher-recomparison,cli-sync,2,26,ok,4351115,process tree completed before two samples were captured
rust-dispatcher-recomparison,cli-sync,2,27,ok,4161923,
rust-dispatcher-recomparison,cli-sync,2,28,ok,4476303,process tree completed before two samples were captured
rust-dispatcher-recomparison,cli-sync,2,29,ok,4349689,process tree completed before two samples were captured
rust-dispatcher-recomparison,cli-sync,2,30,ok,4577016,process tree completed before two samples were captured
rust-dispatcher-recomparison,cli-sync,2,31,ok,4239120,
rust-dispatcher-recomparison,cli-sync,2,32,ok,4332190,
rust-dispatcher-recomparison,cli-sync,2,33,ok,4416608,
rust-dispatcher-recomparison,cli-sync,2,34,ok,4640389,
rust-dispatcher-recomparison,cli-sync,2,35,ok,4342587,process tree completed before two samples were captured
rust-dispatcher-recomparison,cli-sync,2,36,ok,5873961,process tree completed before two samples were captured
rust-dispatcher-recomparison,cli-sync,2,37,ok,4314819,
rust-dispatcher-recomparison,cli-sync,2,38,ok,5334044,
rust-dispatcher-recomparison,cli-sync,2,39,ok,4267211,
rust-dispatcher-recomparison,cli-sync,2,40,ok,4107704,process tree completed before two samples were captured
rust-dispatcher-recomparison,cli-sync,2,41,ok,4373050,
rust-dispatcher-recomparison,cli-sync,2,42,ok,4422465,
rust-dispatcher-recomparison,cli-sync,2,43,ok,4432076,
rust-dispatcher-recomparison,cli-sync,2,44,ok,4836509,process tree completed before two samples were captured
rust-dispatcher-recomparison,cli-sync,2,45,ok,4546685,
rust-dispatcher-recomparison,cli-sync,2,46,ok,4310947,
rust-dispatcher-recomparison,cli-sync,2,47,ok,4206363,
rust-dispatcher-recomparison,cli-sync,2,48,ok,4175452,
rust-dispatcher-recomparison,cli-sync,2,49,ok,4526932,process tree completed before two samples were captured
rust-dispatcher-recomparison,cli-sync,2,50,ok,4308090,
rust-dispatcher-recomparison,cli-sync,2,51,ok,4194488,
rust-dispatcher-recomparison,cli-sync,2,52,ok,4219588,
rust-dispatcher-recomparison,cli-sync,2,53,ok,4354556,process tree completed before two samples were captured
rust-dispatcher-recomparison,cli-sync,2,54,ok,4222357,
rust-dispatcher-recomparison,cli-sync,2,55,ok,5294718,
rust-dispatcher-recomparison,cli-sync,2,56,ok,4263421,
rust-dispatcher-recomparison,cli-sync,2,57,ok,5195829,process tree completed before two samples were captured
rust-dispatcher-recomparison,cli-sync,2,58,ok,4961404,
rust-dispatcher-recomparison,cli-sync,2,59,ok,4416504,
rust-dispatcher-recomparison,cli-sync,2,60,ok,4831355,
rust-dispatcher-recomparison,cli-sync,2,61,ok,4237583,
rust-dispatcher-recomparison,cli-sync,2,62,ok,4179894,
rust-dispatcher-recomparison,cli-sync,2,63,ok,4350029,
rust-dispatcher-recomparison,cli-sync,2,64,ok,4266897,
rust-dispatcher-recomparison,cli-sync,2,65,ok,4157770,
rust-dispatcher-recomparison,cli-sync,2,66,ok,4288782,process tree completed before two samples were captured
rust-dispatcher-recomparison,cli-sync,2,67,ok,4185718,
rust-dispatcher-recomparison,cli-sync,2,68,ok,4371831,process tree completed before two samples were captured
rust-dispatcher-recomparison,cli-sync,2,69,ok,4239263,
rust-dispatcher-recomparison,cli-sync,2,70,ok,5052379,
rust-dispatcher-recomparison,cli-sync,2,71,ok,4414042,process tree completed before two samples were captured
rust-dispatcher-recomparison,cli-sync,2,72,ok,4343586,
rust-dispatcher-recomparison,cli-sync,2,73,ok,4164568,
rust-dispatcher-recomparison,cli-sync,2,74,ok,4893349,process tree completed before two samples were captured
rust-dispatcher-recomparison,cli-sync,2,75,ok,4452397,
rust-dispatcher-recomparison,cli-sync,2,76,ok,4707516,process tree completed before two samples were captured
rust-dispatcher-recomparison,cli-sync,2,77,ok,4350802,process tree completed before two samples were captured
rust-dispatcher-recomparison,cli-sync,2,78,ok,5585715,
rust-dispatcher-recomparison,cli-sync,2,79,ok,4268522,process tree completed before two samples were captured
rust-dispatcher-recomparison,cli-sync,2,80,ok,4099180,
rust-dispatcher-recomparison,cli-sync,2,81,ok,4418653,
rust-dispatcher-recomparison,cli-sync,2,82,ok,4382142,
rust-dispatcher-recomparison,cli-sync,2,83,ok,4483768,process tree completed before two samples were captured
rust-dispatcher-recomparison,cli-sync,2,84,ok,4382391,
rust-dispatcher-recomparison,cli-sync,2,85,ok,4288031,
rust-dispatcher-recomparison,cli-sync,2,86,ok,5038358,
rust-dispatcher-recomparison,cli-sync,2,87,ok,4305998,process tree completed before two samples were captured
rust-dispatcher-recomparison,cli-sync,2,88,ok,4305351,
rust-dispatcher-recomparison,cli-sync,2,89,ok,4466856,
rust-dispatcher-recomparison,cli-sync,2,90,ok,4709950,
rust-dispatcher-recomparison,cli-sync,2,91,ok,4685194,process tree completed before two samples were captured
rust-dispatcher-recomparison,cli-sync,2,92,ok,4426268,
rust-dispatcher-recomparison,cli-sync,2,93,ok,4225829,
rust-dispatcher-recomparison,cli-sync,2,94,ok,4868309,
rust-dispatcher-recomparison,cli-sync,2,95,ok,4278269,process tree completed before two samples were captured
rust-dispatcher-recomparison,cli-sync,2,96,ok,5445253,
rust-dispatcher-recomparison,cli-sync,2,97,ok,4820310,
rust-dispatcher-recomparison,cli-sync,2,98,ok,4243759,
rust-dispatcher-recomparison,cli-sync,2,99,ok,4588314,
rust-dispatcher-recomparison,cli-sync,2,100,ok,4398193,
rust-dispatcher-recomparison,cli-sync,2,101,ok,4214195,
rust-dispatcher-recomparison,cli-sync,2,102,ok,4611453,
rust-dispatcher-recomparison,cli-sync,2,103,ok,4670934,process tree completed before two samples were captured
rust-dispatcher-recomparison,cli-sync,2,104,ok,4110123,
rust-dispatcher-recomparison,cli-sync,2,105,ok,4181453,
rust-dispatcher-recomparison,cli-sync,2,106,ok,5836179,
rust-dispatcher-recomparison,cli-sync,2,107,ok,4633800,
rust-dispatcher-recomparison,cli-sync,2,108,ok,4755287,
rust-dispatcher-recomparison,cli-sync,2,109,ok,4563041,
rust-dispatcher-recomparison,cli-sync,2,110,ok,4351056,process tree completed before two samples were captured
rust-dispatcher-recomparison,cli-sync,2,111,ok,4726514,
rust-dispatcher-recomparison,cli-sync,2,112,ok,4506277,
rust-dispatcher-recomparison,cli-sync,2,113,ok,4344537,
rust-dispatcher-recomparison,cli-sync,2,114,ok,4337068,process tree completed before two samples were captured
rust-dispatcher-recomparison,cli-sync,2,115,ok,5043049,
rust-dispatcher-recomparison,cli-sync,2,116,ok,4426090,process tree completed before two samples were captured
rust-dispatcher-recomparison,cli-sync,2,117,ok,4477074,
rust-dispatcher-recomparison,cli-sync,2,118,ok,4780012,process tree completed before two samples were captured
rust-dispatcher-recomparison,cli-sync,2,119,ok,4163708,process tree completed before two samples were captured
rust-dispatcher-recomparison,cli-sync,2,120,ok,4241250,
rust-dispatcher-recomparison,cli-sync,2,121,ok,4141204,
rust-dispatcher-recomparison,cli-sync,2,122,ok,4143086,
rust-dispatcher-recomparison,cli-sync,2,123,ok,4382190,
rust-dispatcher-recomparison,cli-sync,2,124,ok,4301664,
rust-dispatcher-recomparison,cli-sync,2,125,ok,4259282,process tree completed before two samples were captured
rust-dispatcher-recomparison,cli-sync,2,126,ok,4484043,
rust-dispatcher-recomparison,cli-sync,2,127,ok,4353839,
rust-dispatcher-recomparison,cli-sync,2,128,ok,4476079,process tree completed before two samples were captured
rust-dispatcher-recomparison,cli-sync,2,129,ok,4568745,
rust-dispatcher-recomparison,cli-sync,2,130,ok,4268888,
rust-dispatcher-recomparison,cli-sync,2,131,ok,4585932,
rust-dispatcher-recomparison,cli-sync,2,132,ok,4189801,
rust-dispatcher-recomparison,cli-sync,2,133,ok,4573556,
rust-dispatcher-recomparison,cli-sync,2,134,ok,4493207,process tree completed before two samples were captured
rust-dispatcher-recomparison,cli-sync,2,135,ok,4750583,
rust-dispatcher-recomparison,cli-sync,2,136,ok,4428290,process tree completed before two samples were captured
rust-dispatcher-recomparison,cli-sync,2,137,ok,4437373,process tree completed before two samples were captured
rust-dispatcher-recomparison,cli-sync,2,138,ok,4503120,
rust-dispatcher-recomparison,cli-sync,2,139,ok,4235490,process tree completed before two samples were captured
rust-dispatcher-recomparison,cli-sync,2,140,ok,4518623,process tree completed before two samples were captured
rust-dispatcher-recomparison,cli-sync,2,141,ok,4375866,
rust-dispatcher-recomparison,cli-sync,2,142,ok,4236962,process tree completed before two samples were captured
rust-dispatcher-recomparison,cli-sync,2,143,ok,4601322,process tree completed before two samples were captured
rust-dispatcher-recomparison,cli-sync,2,144,ok,4243824,
rust-dispatcher-recomparison,cli-sync,2,145,ok,4608589,
rust-dispatcher-recomparison,cli-sync,2,146,ok,4686798,process tree completed before two samples were captured
rust-dispatcher-recomparison,cli-sync,2,147,ok,4621947,
rust-dispatcher-recomparison,cli-sync,2,148,ok,4264706,
rust-dispatcher-recomparison,cli-sync,2,149,ok,4959071,
rust-dispatcher-recomparison,cli-sync,2,150,ok,4549075,
rust-dispatcher-recomparison,cli-sync,2,151,ok,4431858,
rust-dispatcher-recomparison,cli-sync,2,152,ok,4648508,process tree completed before two samples were captured
rust-dispatcher-recomparison,cli-sync,2,153,ok,4130712,
rust-dispatcher-recomparison,cli-sync,2,154,ok,4924108,
rust-dispatcher-recomparison,cli-sync,2,155,ok,4233258,
rust-dispatcher-recomparison,cli-sync,2,156,ok,5042494,process tree completed before two samples were captured
rust-dispatcher-recomparison,cli-sync,2,157,ok,4666885,
rust-dispatcher-recomparison,cli-sync,2,158,ok,4399006,
rust-dispatcher-recomparison,cli-sync,2,159,ok,4728902,
rust-dispatcher-recomparison,cli-sync,2,160,ok,4628656,process tree completed before two samples were captured
rust-dispatcher-recomparison,cli-sync,2,161,ok,4474864,process tree completed before two samples were captured
rust-dispatcher-recomparison,cli-sync,2,162,ok,4959849,
rust-dispatcher-recomparison,cli-sync,2,163,ok,4511570,
rust-dispatcher-recomparison,cli-sync,2,164,ok,4529256,process tree completed before two samples were captured
rust-dispatcher-recomparison,cli-sync,2,165,ok,4620560,
rust-dispatcher-recomparison,cli-sync,2,166,ok,4591876,
rust-dispatcher-recomparison,cli-sync,2,167,ok,4612560,process tree completed before two samples were captured
rust-dispatcher-recomparison,cli-sync,2,168,ok,4827978,process tree completed before two samples were captured
rust-dispatcher-recomparison,cli-sync,2,169,ok,4816085,
rust-dispatcher-recomparison,cli-sync,2,170,ok,4624838,process tree completed before two samples were captured
rust-dispatcher-recomparison,cli-sync,2,171,ok,4616369,
rust-dispatcher-recomparison,cli-sync,2,172,ok,4608342,
rust-dispatcher-recomparison,cli-sync,2,173,ok,4322733,process tree completed before two samples were captured
rust-dispatcher-recomparison,cli-sync,2,174,ok,5395719,
rust-dispatcher-recomparison,cli-sync,2,175,ok,4259592,process tree completed before two samples were captured
rust-dispatcher-recomparison,cli-sync,2,176,ok,4369196,
rust-dispatcher-recomparison,cli-sync,2,177,ok,4782457,
rust-dispatcher-recomparison,cli-sync,2,178,ok,6253537,
rust-dispatcher-recomparison,cli-sync,2,179,ok,4292275,
rust-dispatcher-recomparison,cli-sync,2,180,ok,4438601,process tree completed before two samples were captured
rust-dispatcher-recomparison,cli-sync,2,181,ok,4205597,
rust-dispatcher-recomparison,cli-sync,2,182,ok,4189688,
rust-dispatcher-recomparison,cli-sync,2,183,ok,4957914,
rust-dispatcher-recomparison,cli-sync,2,184,ok,4165739,
rust-dispatcher-recomparison,cli-sync,2,185,ok,4277933,process tree completed before two samples were captured
rust-dispatcher-recomparison,cli-sync,2,186,ok,4172968,
rust-dispatcher-recomparison,cli-sync,2,187,ok,4213476,
rust-dispatcher-recomparison,cli-sync,2,188,ok,4192332,process tree completed before two samples were captured
rust-dispatcher-recomparison,cli-sync,2,189,ok,4498453,
rust-dispatcher-recomparison,cli-sync,2,190,ok,4740776,
rust-dispatcher-recomparison,cli-sync,2,191,ok,4844080,
rust-dispatcher-recomparison,cli-sync,2,192,ok,4148446,
rust-dispatcher-recomparison,cli-sync,2,193,ok,4926471,
rust-dispatcher-recomparison,cli-sync,2,194,ok,4556619,process tree completed before two samples were captured
rust-dispatcher-recomparison,cli-sync,2,195,ok,4239061,process tree completed before two samples were captured
rust-dispatcher-recomparison,cli-sync,2,196,ok,4651125,
rust-dispatcher-recomparison,cli-sync,2,197,ok,4402248,process tree completed before two samples were captured
rust-dispatcher-recomparison,cli-sync,2,198,ok,4534444,process tree completed before two samples were captured
rust-dispatcher-recomparison,cli-sync,2,199,ok,4400250,
rust-dispatcher-recomparison,cli-sync,2,200,ok,4640158,
rust-dispatcher-recomparison,cli-sync,3,1,ok,4524386,process tree completed before two samples were captured
rust-dispatcher-recomparison,cli-sync,3,2,ok,4799517,
rust-dispatcher-recomparison,cli-sync,3,3,ok,4199438,
rust-dispatcher-recomparison,cli-sync,3,4,ok,4103135,
rust-dispatcher-recomparison,cli-sync,3,5,ok,4415136,
rust-dispatcher-recomparison,cli-sync,3,6,ok,4475556,
rust-dispatcher-recomparison,cli-sync,3,7,ok,4868816,process tree completed before two samples were captured
rust-dispatcher-recomparison,cli-sync,3,8,ok,4334559,process tree completed before two samples were captured
rust-dispatcher-recomparison,cli-sync,3,9,ok,4741478,
rust-dispatcher-recomparison,cli-sync,3,10,ok,4556674,
rust-dispatcher-recomparison,cli-sync,3,11,ok,4767920,process tree completed before two samples were captured
rust-dispatcher-recomparison,cli-sync,3,12,ok,4752627,
rust-dispatcher-recomparison,cli-sync,3,13,ok,4417154,process tree completed before two samples were captured
rust-dispatcher-recomparison,cli-sync,3,14,ok,4449803,process tree completed before two samples were captured
rust-dispatcher-recomparison,cli-sync,3,15,ok,4370900,process tree completed before two samples were captured
rust-dispatcher-recomparison,cli-sync,3,16,ok,4904873,process tree completed before two samples were captured
rust-dispatcher-recomparison,cli-sync,3,17,ok,4764057,process tree completed before two samples were captured
rust-dispatcher-recomparison,cli-sync,3,18,ok,4276337,process tree completed before two samples were captured
rust-dispatcher-recomparison,cli-sync,3,19,ok,4319841,
rust-dispatcher-recomparison,cli-sync,3,20,ok,4415120,
rust-dispatcher-recomparison,cli-sync,3,21,ok,4345757,
rust-dispatcher-recomparison,cli-sync,3,22,ok,4358364,
rust-dispatcher-recomparison,cli-sync,3,23,ok,4571758,
rust-dispatcher-recomparison,cli-sync,3,24,ok,4410552,
rust-dispatcher-recomparison,cli-sync,3,25,ok,4217427,
rust-dispatcher-recomparison,cli-sync,3,26,ok,4388088,process tree completed before two samples were captured
rust-dispatcher-recomparison,cli-sync,3,27,ok,4543831,process tree completed before two samples were captured
rust-dispatcher-recomparison,cli-sync,3,28,ok,4431092,
rust-dispatcher-recomparison,cli-sync,3,29,ok,4666800,
rust-dispatcher-recomparison,cli-sync,3,30,ok,4414414,
rust-dispatcher-recomparison,cli-sync,3,31,ok,5326942,process tree completed before two samples were captured
rust-dispatcher-recomparison,cli-sync,3,32,ok,4174159,
rust-dispatcher-recomparison,cli-sync,3,33,ok,4378581,process tree completed before two samples were captured
rust-dispatcher-recomparison,cli-sync,3,34,ok,4538940,
rust-dispatcher-recomparison,cli-sync,3,35,ok,4556889,
rust-dispatcher-recomparison,cli-sync,3,36,ok,4030627,
rust-dispatcher-recomparison,cli-sync,3,37,ok,5047398,process tree completed before two samples were captured
rust-dispatcher-recomparison,cli-sync,3,38,ok,5301199,process tree completed before two samples were captured
rust-dispatcher-recomparison,cli-sync,3,39,ok,4386062,process tree completed before two samples were captured
rust-dispatcher-recomparison,cli-sync,3,40,ok,4909867,
rust-dispatcher-recomparison,cli-sync,3,41,ok,4310597,
rust-dispatcher-recomparison,cli-sync,3,42,ok,4154509,
rust-dispatcher-recomparison,cli-sync,3,43,ok,4505175,process tree completed before two samples were captured
rust-dispatcher-recomparison,cli-sync,3,44,ok,4192960,
rust-dispatcher-recomparison,cli-sync,3,45,ok,4641495,process tree completed before two samples were captured
rust-dispatcher-recomparison,cli-sync,3,46,ok,4475900,
rust-dispatcher-recomparison,cli-sync,3,47,ok,4404745,
rust-dispatcher-recomparison,cli-sync,3,48,ok,4674979,process tree completed before two samples were captured
rust-dispatcher-recomparison,cli-sync,3,49,ok,4506805,
rust-dispatcher-recomparison,cli-sync,3,50,ok,5490485,
rust-dispatcher-recomparison,cli-sync,3,51,ok,4869692,process tree completed before two samples were captured
rust-dispatcher-recomparison,cli-sync,3,52,ok,4525993,process tree completed before two samples were captured
rust-dispatcher-recomparison,cli-sync,3,53,ok,4389378,
rust-dispatcher-recomparison,cli-sync,3,54,ok,4144755,
rust-dispatcher-recomparison,cli-sync,3,55,ok,4269778,
rust-dispatcher-recomparison,cli-sync,3,56,ok,4261687,process tree completed before two samples were captured
rust-dispatcher-recomparison,cli-sync,3,57,ok,4143528,
rust-dispatcher-recomparison,cli-sync,3,58,ok,4167011,
rust-dispatcher-recomparison,cli-sync,3,59,ok,4421613,
rust-dispatcher-recomparison,cli-sync,3,60,ok,4732156,
rust-dispatcher-recomparison,cli-sync,3,61,ok,4397912,
rust-dispatcher-recomparison,cli-sync,3,62,ok,4945168,process tree completed before two samples were captured
rust-dispatcher-recomparison,cli-sync,3,63,ok,4627154,
rust-dispatcher-recomparison,cli-sync,3,64,ok,4148789,process tree completed before two samples were captured
rust-dispatcher-recomparison,cli-sync,3,65,ok,5454839,process tree completed before two samples were captured
rust-dispatcher-recomparison,cli-sync,3,66,ok,4270768,
rust-dispatcher-recomparison,cli-sync,3,67,ok,4996283,
rust-dispatcher-recomparison,cli-sync,3,68,ok,4186461,process tree completed before two samples were captured
rust-dispatcher-recomparison,cli-sync,3,69,ok,4639563,
rust-dispatcher-recomparison,cli-sync,3,70,ok,4812807,
rust-dispatcher-recomparison,cli-sync,3,71,ok,4177909,
rust-dispatcher-recomparison,cli-sync,3,72,ok,5145841,process tree completed before two samples were captured
rust-dispatcher-recomparison,cli-sync,3,73,ok,4462184,
rust-dispatcher-recomparison,cli-sync,3,74,ok,4557909,
rust-dispatcher-recomparison,cli-sync,3,75,ok,4439685,
rust-dispatcher-recomparison,cli-sync,3,76,ok,4210386,
rust-dispatcher-recomparison,cli-sync,3,77,ok,4237515,
rust-dispatcher-recomparison,cli-sync,3,78,ok,4971021,
rust-dispatcher-recomparison,cli-sync,3,79,ok,5359224,
rust-dispatcher-recomparison,cli-sync,3,80,ok,4596593,
rust-dispatcher-recomparison,cli-sync,3,81,ok,4491335,process tree completed before two samples were captured
rust-dispatcher-recomparison,cli-sync,3,82,ok,4450576,
rust-dispatcher-recomparison,cli-sync,3,83,ok,5045475,
rust-dispatcher-recomparison,cli-sync,3,84,ok,4532311,process tree completed before two samples were captured
rust-dispatcher-recomparison,cli-sync,3,85,ok,4688039,process tree completed before two samples were captured
rust-dispatcher-recomparison,cli-sync,3,86,ok,4676084,
rust-dispatcher-recomparison,cli-sync,3,87,ok,5515232,
rust-dispatcher-recomparison,cli-sync,3,88,ok,4428734,
rust-dispatcher-recomparison,cli-sync,3,89,ok,5253651,
rust-dispatcher-recomparison,cli-sync,3,90,ok,4336704,
rust-dispatcher-recomparison,cli-sync,3,91,ok,4317641,
rust-dispatcher-recomparison,cli-sync,3,92,ok,4108345,process tree completed before two samples were captured
rust-dispatcher-recomparison,cli-sync,3,93,ok,4171401,process tree completed before two samples were captured
rust-dispatcher-recomparison,cli-sync,3,94,ok,4394331,
rust-dispatcher-recomparison,cli-sync,3,95,ok,4139685,process tree completed before two samples were captured
rust-dispatcher-recomparison,cli-sync,3,96,ok,4490274,process tree completed before two samples were captured
rust-dispatcher-recomparison,cli-sync,3,97,ok,4335879,process tree completed before two samples were captured
rust-dispatcher-recomparison,cli-sync,3,98,ok,4450380,process tree completed before two samples were captured
rust-dispatcher-recomparison,cli-sync,3,99,ok,4699871,
rust-dispatcher-recomparison,cli-sync,3,100,ok,4593533,process tree completed before two samples were captured
rust-dispatcher-recomparison,cli-sync,3,101,ok,4200900,
rust-dispatcher-recomparison,cli-sync,3,102,ok,4187460,
rust-dispatcher-recomparison,cli-sync,3,103,ok,4317616,
rust-dispatcher-recomparison,cli-sync,3,104,ok,4088325,process tree completed before two samples were captured
rust-dispatcher-recomparison,cli-sync,3,105,ok,4629574,process tree completed before two samples were captured
rust-dispatcher-recomparison,cli-sync,3,106,ok,4389334,
rust-dispatcher-recomparison,cli-sync,3,107,ok,4216473,
rust-dispatcher-recomparison,cli-sync,3,108,ok,5069758,process tree completed before two samples were captured
rust-dispatcher-recomparison,cli-sync,3,109,ok,4478990,process tree completed before two samples were captured
rust-dispatcher-recomparison,cli-sync,3,110,ok,4130015,
rust-dispatcher-recomparison,cli-sync,3,111,ok,4324784,
rust-dispatcher-recomparison,cli-sync,3,112,ok,4138570,
rust-dispatcher-recomparison,cli-sync,3,113,ok,4110723,process tree completed before two samples were captured
rust-dispatcher-recomparison,cli-sync,3,114,ok,4277883,
rust-dispatcher-recomparison,cli-sync,3,115,ok,4299376,process tree completed before two samples were captured
rust-dispatcher-recomparison,cli-sync,3,116,ok,4359908,process tree completed before two samples were captured
rust-dispatcher-recomparison,cli-sync,3,117,ok,4199369,process tree completed before two samples were captured
rust-dispatcher-recomparison,cli-sync,3,118,ok,4478439,
rust-dispatcher-recomparison,cli-sync,3,119,ok,4357644,
rust-dispatcher-recomparison,cli-sync,3,120,ok,4292129,process tree completed before two samples were captured
rust-dispatcher-recomparison,cli-sync,3,121,ok,4268906,
rust-dispatcher-recomparison,cli-sync,3,122,ok,4322959,
rust-dispatcher-recomparison,cli-sync,3,123,ok,4246418,
rust-dispatcher-recomparison,cli-sync,3,124,ok,4196407,
rust-dispatcher-recomparison,cli-sync,3,125,ok,4180216,
rust-dispatcher-recomparison,cli-sync,3,126,ok,4214535,
rust-dispatcher-recomparison,cli-sync,3,127,ok,4130517,
rust-dispatcher-recomparison,cli-sync,3,128,ok,4204823,
rust-dispatcher-recomparison,cli-sync,3,129,ok,4246156,process tree completed before two samples were captured
rust-dispatcher-recomparison,cli-sync,3,130,ok,4099144,
rust-dispatcher-recomparison,cli-sync,3,131,ok,5307319,process tree completed before two samples were captured
rust-dispatcher-recomparison,cli-sync,3,132,ok,4974202,
rust-dispatcher-recomparison,cli-sync,3,133,ok,5459855,process tree completed before two samples were captured
rust-dispatcher-recomparison,cli-sync,3,134,ok,4118344,
rust-dispatcher-recomparison,cli-sync,3,135,ok,4314524,
rust-dispatcher-recomparison,cli-sync,3,136,ok,4804273,
rust-dispatcher-recomparison,cli-sync,3,137,ok,4307909,
rust-dispatcher-recomparison,cli-sync,3,138,ok,4945723,process tree completed before two samples were captured
rust-dispatcher-recomparison,cli-sync,3,139,ok,4159218,
rust-dispatcher-recomparison,cli-sync,3,140,ok,4300861,
rust-dispatcher-recomparison,cli-sync,3,141,ok,4864512,
rust-dispatcher-recomparison,cli-sync,3,142,ok,4181497,
rust-dispatcher-recomparison,cli-sync,3,143,ok,4169324,process tree completed before two samples were captured
rust-dispatcher-recomparison,cli-sync,3,144,ok,4334499,
rust-dispatcher-recomparison,cli-sync,3,145,ok,4421734,process tree completed before two samples were captured
rust-dispatcher-recomparison,cli-sync,3,146,ok,4303337,process tree completed before two samples were captured
rust-dispatcher-recomparison,cli-sync,3,147,ok,4241048,
rust-dispatcher-recomparison,cli-sync,3,148,ok,4797347,process tree completed before two samples were captured
rust-dispatcher-recomparison,cli-sync,3,149,ok,4882473,
rust-dispatcher-recomparison,cli-sync,3,150,ok,4125562,process tree completed before two samples were captured
rust-dispatcher-recomparison,cli-sync,3,151,ok,4231019,
rust-dispatcher-recomparison,cli-sync,3,152,ok,4487788,process tree completed before two samples were captured
rust-dispatcher-recomparison,cli-sync,3,153,ok,4184019,
rust-dispatcher-recomparison,cli-sync,3,154,ok,4346120,
rust-dispatcher-recomparison,cli-sync,3,155,ok,5210267,process tree completed before two samples were captured
rust-dispatcher-recomparison,cli-sync,3,156,ok,4177563,process tree completed before two samples were captured
rust-dispatcher-recomparison,cli-sync,3,157,ok,4830182,
rust-dispatcher-recomparison,cli-sync,3,158,ok,4233831,
rust-dispatcher-recomparison,cli-sync,3,159,ok,4751671,
rust-dispatcher-recomparison,cli-sync,3,160,ok,5302620,
rust-dispatcher-recomparison,cli-sync,3,161,ok,4228648,
rust-dispatcher-recomparison,cli-sync,3,162,ok,4307473,process tree completed before two samples were captured
rust-dispatcher-recomparison,cli-sync,3,163,ok,4468592,process tree completed before two samples were captured
rust-dispatcher-recomparison,cli-sync,3,164,ok,5433887,
rust-dispatcher-recomparison,cli-sync,3,165,ok,4389927,
rust-dispatcher-recomparison,cli-sync,3,166,ok,4294881,
rust-dispatcher-recomparison,cli-sync,3,167,ok,4300608,
rust-dispatcher-recomparison,cli-sync,3,168,ok,4143321,
rust-dispatcher-recomparison,cli-sync,3,169,ok,5264181,
rust-dispatcher-recomparison,cli-sync,3,170,ok,4350051,
rust-dispatcher-recomparison,cli-sync,3,171,ok,4549172,
rust-dispatcher-recomparison,cli-sync,3,172,ok,4209444,process tree completed before two samples were captured
rust-dispatcher-recomparison,cli-sync,3,173,ok,4710266,
rust-dispatcher-recomparison,cli-sync,3,174,ok,4342187,
rust-dispatcher-recomparison,cli-sync,3,175,ok,4099263,
rust-dispatcher-recomparison,cli-sync,3,176,ok,4280974,
rust-dispatcher-recomparison,cli-sync,3,177,ok,4976420,process tree completed before two samples were captured
rust-dispatcher-recomparison,cli-sync,3,178,ok,4219129,process tree completed before two samples were captured
rust-dispatcher-recomparison,cli-sync,3,179,ok,4252224,process tree completed before two samples were captured
rust-dispatcher-recomparison,cli-sync,3,180,ok,4113666,process tree completed before two samples were captured
rust-dispatcher-recomparison,cli-sync,3,181,ok,4252427,process tree completed before two samples were captured
rust-dispatcher-recomparison,cli-sync,3,182,ok,4404039,
rust-dispatcher-recomparison,cli-sync,3,183,ok,4685309,
rust-dispatcher-recomparison,cli-sync,3,184,ok,4337520,
rust-dispatcher-recomparison,cli-sync,3,185,ok,4670500,process tree completed before two samples were captured
rust-dispatcher-recomparison,cli-sync,3,186,ok,4399256,process tree completed before two samples were captured
rust-dispatcher-recomparison,cli-sync,3,187,ok,4160658,
rust-dispatcher-recomparison,cli-sync,3,188,ok,4091079,
rust-dispatcher-recomparison,cli-sync,3,189,ok,4977353,process tree completed before two samples were captured
rust-dispatcher-recomparison,cli-sync,3,190,ok,4536911,
rust-dispatcher-recomparison,cli-sync,3,191,ok,4808871,process tree completed before two samples were captured
rust-dispatcher-recomparison,cli-sync,3,192,ok,4330134,
rust-dispatcher-recomparison,cli-sync,3,193,ok,4337119,
rust-dispatcher-recomparison,cli-sync,3,194,ok,4443762,process tree completed before two samples were captured
rust-dispatcher-recomparison,cli-sync,3,195,ok,4817342,process tree completed before two samples were captured
rust-dispatcher-recomparison,cli-sync,3,196,ok,4840086,
rust-dispatcher-recomparison,cli-sync,3,197,ok,4423721,
rust-dispatcher-recomparison,cli-sync,3,198,ok,4166249,process tree completed before two samples were captured
rust-dispatcher-recomparison,cli-sync,3,199,ok,4208268,
rust-dispatcher-recomparison,cli-sync,3,200,ok,4280747,
