sample,elapsed_seconds,timestamp,windows,backend,zen_processes,zen_rss_bytes,zen_pss_bytes,zen_pss_processes,zen_cpu_ticks,zen_voluntary_context_switches,zen_involuntary_context_switches,watcher_processes,watcher_rss_bytes,watcher_pss_bytes,watcher_pss_processes,watcher_cpu_ticks,watcher_voluntary_context_switches,watcher_involuntary_context_switches
0,0,2026-08-27T10:10:43-06:00,8,inotify,18,2452279296,975519744,18,19374,461337,7198,1,4124672,366592,1,30,19400,8
1,5,2026-08-27T10:10:47-06:00,8,inotify,18,2452017152,975257600,18,19375,461430,7198,1,4124672,366592,1,30,19400,8
2,10,2026-08-27T10:10:52-06:00,8,inotify,18,2452025344,975265792,18,19376,461543,7200,1,4124672,366592,1,30,19400,8
3,15,2026-08-27T10:10:57-06:00,8,inotify,18,2452025344,975265792,18,19377,461653,7201,1,4124672,366592,1,30,19400,8
4,20,2026-08-27T10:11:02-06:00,8,inotify,18,2452070400,974857216,18,19394,461931,7208,1,4124672,365568,1,30,19400,8
5,25,2026-08-27T10:11:07-06:00,8,inotify,18,2452410368,975193088,18,19395,462060,7213,1,4124672,365568,1,30,19400,8
6,30,2026-08-27T10:11:12-06:00,8,inotify,18,2452410368,975194112,18,19395,462175,7226,1,4124672,365568,1,30,19400,8
7,35,2026-08-27T10:11:17-06:00,8,inotify,18,2452410368,975194112,18,19396,462287,7227,1,4124672,365568,1,30,19400,8
8,40,2026-08-27T10:11:23-06:00,8,inotify,18,2452410368,975194112,18,19397,462397,7230,1,4124672,365568,1,30,19400,8
9,45,2026-08-27T10:11:27-06:00,8,inotify,18,2452410368,975197184,18,19400,462489,7236,1,4124672,365568,1,30,19400,8
10,50,2026-08-27T10:11:32-06:00,8,inotify,18,2452410368,975196160,18,19401,462599,7236,1,4124672,365568,1,30,19400,8
11,55,2026-08-27T10:11:37-06:00,8,inotify,18,2452414464,975198208,18,19403,462713,7244,1,4124672,365568,1,30,19400,8
12,60,2026-08-27T10:11:42-06:00,8,inotify,18,2452418560,975207424,18,19403,462827,7245,1,4124672,365568,1,30,19400,8
13,65,2026-08-27T10:11:47-06:00,8,inotify,18,2452426752,975213568,18,19406,462958,7257,1,4124672,365568,1,30,19400,8
14,70,2026-08-27T10:11:53-06:00,8,inotify,18,2452434944,975218688,18,19408,463069,7262,1,4124672,365568,1,30,19400,8
15,75,2026-08-27T10:11:57-06:00,8,inotify,18,2452447232,975232000,18,19409,463159,7266,1,4124672,365568,1,30,19400,8
16,80,2026-08-27T10:12:02-06:00,8,inotify,18,2452451328,975230976,18,19410,463270,7273,1,4124672,365568,1,30,19400,8
17,85,2026-08-27T10:12:07-06:00,8,inotify,18,2452418560,975207424,18,19411,463385,7279,1,4124672,365568,1,30,19400,8
18,90,2026-08-27T10:12:12-06:00,8,inotify,18,2452426752,975207424,18,19412,463498,7284,1,4124672,365568,1,30,19400,8
19,95,2026-08-27T10:12:17-06:00,8,inotify,18,2452434944,975211520,18,19413,463607,7285,1,4124672,365568,1,30,19400,8
20,100,2026-08-27T10:12:22-06:00,8,inotify,18,2452439040,975221760,18,19414,463717,7286,1,4124672,365568,1,30,19400,8
21,105,2026-08-27T10:12:28-06:00,8,inotify,18,2452058112,974844928,18,19414,463830,7291,1,4124672,365568,1,30,19400,8
22,110,2026-08-27T10:12:32-06:00,8,inotify,18,2452074496,974861312,18,19415,463921,7296,1,4124672,365568,1,30,19400,8
23,115,2026-08-27T10:12:37-06:00,8,inotify,18,2451980288,974770176,18,19418,464037,7297,1,4124672,365568,1,30,19400,8
24,120,2026-08-27T10:12:42-06:00,8,inotify,18,2451984384,974707712,18,19421,464149,7304,1,4124672,365568,1,30,19400,8
25,125,2026-08-27T10:12:47-06:00,8,inotify,18,2452111360,974900224,18,19421,464272,7309,1,4124672,365568,1,30,19400,8
26,130,2026-08-27T10:12:52-06:00,8,inotify,18,2452119552,974912512,18,19423,464386,7323,1,4124672,365568,1,30,19400,8
27,135,2026-08-27T10:12:57-06:00,8,inotify,18,2452127744,974916608,18,19424,464495,7334,1,4124672,365568,1,30,19400,8
28,140,2026-08-27T10:13:03-06:00,8,inotify,18,2452135936,974924800,18,19427,464621,7336,1,4124672,365568,1,30,19400,8
29,145,2026-08-27T10:13:07-06:00,8,inotify,18,2455195648,977917952,18,19430,464743,7355,1,4124672,365568,1,30,19400,8
30,150,2026-08-27T10:13:12-06:00,8,inotify,18,2454904832,977695744,18,19433,464865,7358,1,4124672,365568,1,30,19400,8
31,155,2026-08-27T10:13:17-06:00,8,inotify,18,2454745088,977530880,18,19436,464993,7363,1,4124672,365568,1,30,19400,8
32,160,2026-08-27T10:13:22-06:00,8,inotify,18,2454749184,977534976,18,19437,465114,7371,1,4124672,365568,1,30,19400,8
33,165,2026-08-27T10:13:27-06:00,8,inotify,18,2453950464,976731136,18,19441,465230,7375,1,4124672,365568,1,30,19400,8
34,170,2026-08-27T10:13:32-06:00,8,inotify,18,2454372352,977612800,18,19452,465518,7378,1,4124672,366592,1,30,19400,8
35,175,2026-08-27T10:13:38-06:00,8,inotify,18,2454065152,977303552,18,19456,465660,7378,1,4124672,366592,1,30,19400,8
36,180,2026-08-27T10:13:42-06:00,8,inotify,18,2452996096,976236544,18,19456,465753,7378,1,4124672,366592,1,30,19400,8
37,185,2026-08-27T10:13:47-06:00,8,inotify,18,2453000192,976240640,18,19456,465865,7378,1,4124672,366592,1,30,19400,8
38,190,2026-08-27T10:13:52-06:00,8,inotify,18,2453008384,976248832,18,19458,465976,7379,1,4124672,366592,1,30,19400,8
39,195,2026-08-27T10:13:57-06:00,8,inotify,18,2453016576,976257024,18,19461,466086,7379,1,4124672,366592,1,30,19400,8
40,200,2026-08-27T10:14:02-06:00,8,inotify,18,2453078016,976318464,18,19462,466202,7379,1,4124672,366592,1,30,19400,8
41,205,2026-08-27T10:14:07-06:00,8,inotify,18,2453135360,976375808,18,19463,466315,7379,1,4124672,366592,1,30,19400,8
42,210,2026-08-27T10:14:12-06:00,8,inotify,18,2453143552,976384000,18,19463,466425,7379,1,4124672,366592,1,30,19400,8
43,215,2026-08-27T10:14:17-06:00,8,inotify,18,2453151744,976392192,18,19464,466538,7379,1,4124672,366592,1,30,19400,8
44,220,2026-08-27T10:14:23-06:00,8,inotify,18,2453159936,976400384,18,19464,466650,7379,1,4124672,366592,1,30,19400,8
45,225,2026-08-27T10:14:27-06:00,8,inotify,18,2453164032,976404480,18,19466,466740,7379,1,4124672,366592,1,30,19400,8
46,230,2026-08-27T10:14:32-06:00,8,inotify,18,2453172224,976412672,18,19467,466850,7380,1,4124672,366592,1,30,19400,8
47,235,2026-08-27T10:14:37-06:00,8,inotify,18,2453188608,976429056,18,19469,466983,7380,1,4124672,366592,1,30,19400,8
48,240,2026-08-27T10:14:42-06:00,8,inotify,18,2453196800,976437248,18,19470,467094,7380,1,4124672,366592,1,30,19400,8
49,245,2026-08-27T10:14:47-06:00,8,inotify,18,2453200896,976400384,18,19471,467209,7380,1,4124672,365568,1,30,19400,8
50,250,2026-08-27T10:14:52-06:00,8,inotify,18,2453209088,976430080,18,19473,467323,7380,1,4124672,366592,1,30,19400,8
51,255,2026-08-27T10:14:57-06:00,8,inotify,18,2453217280,976457728,18,19476,467433,7380,1,4124672,366592,1,30,19400,8
52,260,2026-08-27T10:15:02-06:00,8,inotify,18,2453225472,976465920,18,19476,467544,7380,1,4124672,366592,1,30,19400,8
53,265,2026-08-27T10:15:07-06:00,8,inotify,18,2453229568,976470016,18,19478,467659,7380,1,4124672,366592,1,30,19400,8
54,270,2026-08-27T10:15:13-06:00,8,inotify,18,2453241856,976482304,18,19480,467769,7380,1,4124672,366592,1,30,19400,8
55,275,2026-08-27T10:15:17-06:00,8,inotify,18,2453250048,976490496,18,19482,467859,7381,1,4124672,366592,1,30,19400,8
56,280,2026-08-27T10:15:22-06:00,8,inotify,18,2453258240,976498688,18,19483,467970,7381,1,4124672,366592,1,30,19400,8
57,285,2026-08-27T10:15:27-06:00,8,inotify,18,2453262336,976502784,18,19484,468081,7381,1,4124672,366592,1,30,19400,8
58,290,2026-08-27T10:15:32-06:00,8,inotify,18,2453245952,976486400,18,19487,468202,7381,1,4124672,366592,1,30,19400,8
59,295,2026-08-27T10:15:37-06:00,8,inotify,18,2453254144,976494592,18,19490,468317,7381,1,4124672,366592,1,30,19400,8
60,300,2026-08-27T10:15:42-06:00,8,inotify,18,2453262336,976502784,18,19492,468429,7381,1,4124672,366592,1,30,19400,8
61,305,2026-08-27T10:15:47-06:00,8,inotify,18,2453270528,976510976,18,19494,468543,7381,1,4124672,366592,1,30,19400,8
62,310,2026-08-27T10:15:52-06:00,8,inotify,18,2453278720,976519168,18,19495,468655,7381,1,4124672,366592,1,30,19400,8
63,315,2026-08-27T10:15:58-06:00,8,inotify,18,2453286912,976527360,18,19497,468766,7381,1,4124672,366592,1,30,19400,8
64,320,2026-08-27T10:16:02-06:00,8,inotify,18,2453295104,976535552,18,19497,468857,7381,1,4124672,366592,1,30,19400,8
65,325,2026-08-27T10:16:07-06:00,8,inotify,18,2453303296,976543744,18,19499,468972,7381,1,4124672,366592,1,30,19400,8
66,330,2026-08-27T10:16:12-06:00,8,inotify,18,2445012992,968253440,18,19512,469116,7381,1,4124672,366592,1,30,19400,8
67,335,2026-08-27T10:16:17-06:00,8,inotify,18,2444890112,968130560,18,19517,469251,7381,1,4124672,366592,1,30,19400,8
68,340,2026-08-27T10:16:22-06:00,8,inotify,18,2444898304,968138752,18,19517,469365,7381,1,4124672,366592,1,30,19400,8
69,345,2026-08-27T10:16:27-06:00,8,inotify,18,2444902400,968142848,18,19517,469478,7382,1,4124672,366592,1,30,19400,8
70,350,2026-08-27T10:16:32-06:00,8,inotify,18,2444914688,968155136,18,19520,469592,7382,1,4124672,366592,1,30,19400,8
71,355,2026-08-27T10:16:37-06:00,8,inotify,18,2444939264,968179712,18,19522,469707,7382,1,4124672,366592,1,30,19400,8
72,360,2026-08-27T10:16:43-06:00,8,inotify,18,2444955648,968196096,18,19523,469823,7382,1,4124672,366592,1,30,19400,8
73,365,2026-08-27T10:16:47-06:00,8,inotify,18,2444959744,968200192,18,19524,469914,7382,1,4124672,366592,1,30,19400,8
74,370,2026-08-27T10:16:52-06:00,8,inotify,18,2444980224,968220672,18,19524,470028,7382,1,4124672,366592,1,30,19400,8
75,375,2026-08-27T10:16:57-06:00,8,inotify,18,2444988416,968228864,18,19526,470141,7382,1,4124672,366592,1,30,19400,8
76,380,2026-08-27T10:17:02-06:00,8,inotify,18,2444996608,968237056,18,19526,470255,7382,1,4124672,366592,1,30,19400,8
77,385,2026-08-27T10:17:07-06:00,8,inotify,18,2445012992,968253440,18,19529,470371,7382,1,4124672,366592,1,30,19400,8
78,390,2026-08-27T10:17:12-06:00,8,inotify,18,2444713984,967954432,18,19537,470535,7382,1,4124672,366592,1,30,19400,8
79,395,2026-08-27T10:17:17-06:00,8,inotify,18,2444726272,967966720,18,19541,470649,7383,1,4124672,366592,1,30,19400,8
80,400,2026-08-27T10:17:22-06:00,8,inotify,18,2444730368,967970816,18,19542,470773,7383,1,4124672,366592,1,30,19400,8
81,405,2026-08-27T10:17:28-06:00,8,inotify,18,2444738560,967979008,18,19544,470886,7383,1,4124672,366592,1,30,19400,8
82,410,2026-08-27T10:17:32-06:00,8,inotify,18,2444750848,967991296,18,19545,470977,7383,1,4124672,366592,1,30,19400,8
83,415,2026-08-27T10:17:37-06:00,8,inotify,18,2444775424,968015872,18,19545,471093,7383,1,4124672,366592,1,30,19400,8
84,420,2026-08-27T10:17:42-06:00,8,inotify,18,2444779520,968018944,18,19548,471207,7383,1,4124672,366592,1,30,19400,8
85,425,2026-08-27T10:17:47-06:00,8,inotify,18,2443177984,966418432,18,19552,471317,7383,1,4124672,366592,1,30,19400,8
86,430,2026-08-27T10:17:52-06:00,8,inotify,18,2443186176,966426624,18,19552,471417,7383,1,4124672,366592,1,30,19400,8
87,435,2026-08-27T10:17:57-06:00,8,inotify,18,2443194368,966434816,18,19553,471515,7383,1,4124672,366592,1,30,19400,8
88,440,2026-08-27T10:18:02-06:00,8,inotify,18,2443206656,966447104,18,19555,471614,7383,1,4124672,366592,1,30,19400,8
89,445,2026-08-27T10:18:07-06:00,8,inotify,18,2443358208,966598656,18,19555,471719,7383,1,4124672,366592,1,30,19400,8
90,450,2026-08-27T10:18:13-06:00,8,inotify,18,2443366400,966606848,18,19560,471815,7383,1,4124672,366592,1,30,19400,8
91,455,2026-08-27T10:18:17-06:00,8,inotify,18,2443378688,966619136,18,19562,471895,7383,1,4124672,366592,1,30,19400,8
92,460,2026-08-27T10:18:22-06:00,8,inotify,18,2443382784,966623232,18,19562,471995,7383,1,4124672,366592,1,30,19400,8
93,465,2026-08-27T10:18:27-06:00,8,inotify,18,2443390976,966631424,18,19564,472095,7384,1,4124672,366592,1,30,19400,8
94,470,2026-08-27T10:18:32-06:00,8,inotify,18,2443595776,966835200,18,19564,472195,7384,1,4124672,366592,1,30,19400,8
95,475,2026-08-27T10:18:37-06:00,8,inotify,18,2443608064,966847488,18,19564,472299,7384,1,4124672,366592,1,30,19400,8
96,480,2026-08-27T10:18:42-06:00,8,inotify,18,2443616256,966855680,18,19565,472398,7384,1,4124672,366592,1,30,19400,8
97,485,2026-08-27T10:18:47-06:00,8,inotify,18,2443620352,966859776,18,19568,472503,7384,1,4124672,366592,1,30,19400,8
98,490,2026-08-27T10:18:52-06:00,8,inotify,18,2443632640,966872064,18,19569,472601,7384,1,4124672,366592,1,30,19400,8
99,495,2026-08-27T10:18:58-06:00,8,inotify,18,2443706368,966945792,18,19569,472711,7384,1,4124672,366592,1,30,19400,8
100,500,2026-08-27T10:19:02-06:00,8,inotify,18,2443714560,966953984,18,19570,472797,7384,1,4124672,366592,1,30,19400,8
101,505,2026-08-27T10:19:07-06:00,8,inotify,18,2443804672,967044096,18,19572,472898,7384,1,4124672,366592,1,30,19400,8
102,510,2026-08-27T10:19:12-06:00,8,inotify,18,2443812864,967052288,18,19573,472999,7384,1,4124672,366592,1,30,19400,8
103,515,2026-08-27T10:19:17-06:00,8,inotify,18,2443821056,967060480,18,19574,473097,7384,1,4124672,366592,1,30,19400,8
104,520,2026-08-27T10:19:22-06:00,8,inotify,18,2443833344,967072768,18,19575,473198,7384,1,4124672,366592,1,30,19400,8
105,525,2026-08-27T10:19:27-06:00,8,inotify,18,2443841536,967080960,18,19577,473298,7384,1,4124672,366592,1,30,19400,8
106,530,2026-08-27T10:19:32-06:00,8,inotify,18,2443849728,967089152,18,19580,473399,7384,1,4124672,366592,1,30,19400,8
107,535,2026-08-27T10:19:37-06:00,8,inotify,18,2443862016,967101440,18,19581,473498,7384,1,4124672,366592,1,30,19400,8
108,540,2026-08-27T10:19:42-06:00,8,inotify,18,2443870208,967109632,18,19582,473597,7384,1,4124672,366592,1,30,19400,8
109,545,2026-08-27T10:19:48-06:00,8,inotify,18,2443874304,967113728,18,19583,473698,7384,1,4124672,366592,1,30,19400,8
110,550,2026-08-27T10:19:52-06:00,8,inotify,18,2443886592,967126016,18,19584,473776,7384,1,4124672,366592,1,30,19400,8
111,555,2026-08-27T10:19:57-06:00,8,inotify,18,2443894784,967094272,18,19585,473877,7384,1,4124672,365568,1,30,19400,8
112,560,2026-08-27T10:20:02-06:00,8,inotify,18,2444087296,967307264,18,19586,473989,7384,1,4124672,366592,1,30,19400,8
113,565,2026-08-27T10:20:07-06:00,8,inotify,18,2444234752,967474176,18,19587,474094,7384,1,4124672,366592,1,30,19400,8
114,570,2026-08-27T10:20:12-06:00,8,inotify,18,2444242944,967482368,18,19589,474193,7384,1,4124672,366592,1,30,19400,8
115,575,2026-08-27T10:20:17-06:00,8,inotify,18,2444251136,967490560,18,19590,474292,7384,1,4124672,366592,1,30,19400,8
116,580,2026-08-27T10:20:22-06:00,8,inotify,18,2444263424,967502848,18,19592,474395,7384,1,4124672,366592,1,30,19400,8
117,585,2026-08-27T10:20:27-06:00,8,inotify,18,2444267520,967506944,18,19594,474497,7384,1,4124672,366592,1,30,19400,8
118,590,2026-08-27T10:20:33-06:00,8,inotify,18,2444275712,967515136,18,19596,474598,7384,1,4124672,366592,1,30,19400,8
119,595,2026-08-27T10:20:37-06:00,8,inotify,18,2444292096,967531520,18,19598,474679,7384,1,4124672,366592,1,30,19400,8
120,600,2026-08-27T10:20:42-06:00,8,inotify,18,2444312576,967552000,18,19598,474781,7384,1,4124672,366592,1,30,19400,8
